code,name,strategy,score,reason,checked_at,cycle_warning,m_price,m_high_52w,m_drawdown_52w,m_vol_ratio,m_shrink_days,m_price_percentile_1y,m_index,m_roe,m_debt_ratio,m_cf_np_ratio,m_profit_yoy,m_revenue_yoy
002558,巨人网络,deep_value,99.6,距52周高点跌55%；价格处近1年最低2%区间；ROE 12.4%；负债率17.1%；CFO/EPS 1.64；利润同比+176.0%,2026-10-09,,22.82,51.26,0.5548,1.1433,0.0,0.024,沪深300,12.45,17.05,1.64,175.96,182.08
688111,金山办公,deep_value,96.4,距52周高点跌45%；价格处近1年最低18%区间；ROE 15.2%；负债率27.8%；CFO/EPS 1.36；利润同比+236.9%,2026-10-09,,228.95,412.61,0.4451,1.2953,0.0,0.176,沪深300,15.2,27.79,1.36,236.94,24.69
688041,海光信息,deep_value,96.3,距52周高点跌44%；价格处近1年最低16%区间；ROE 11.9%；负债率19.2%；CFO/EPS 0.82；利润同比+49.7%,2026-10-09,,219.59,395.17,0.4443,0.9819,0.0,0.16,沪深300,11.87,19.2,0.82,49.69,66.52
000792,盐湖股份,deep_value,95.6,距52周高点跌42%；价格处近1年最低11%区间；ROE 22.3%；负债率14.1%；CFO/EPS 1.20；利润同比+137.9%,2026-10-09,,24.09,41.6,0.4209,1.0976,0.0,0.112,沪深300,22.3,14.07,1.2,137.88,79.88
002202,金风科技,deep_value,91.6,距52周高点跌55%；价格处近1年最低20%区间；ROE 7.1%；[注意]负债率71.8%偏高；CFO/EPS 1.32；利润同比+24.7%,2026-10-09,,16.35,36.67,0.5541,0.9488,0.0,0.196,沪深300,7.08,71.81,1.32,24.67,18.23
002625,光启技术,deep_value,90.8,距52周高点跌59%；价格处近1年最低2%区间；ROE 7.4%；负债率17.5%；CFO/EPS 1.19,2026-10-09,,23.52,57.91,0.5939,0.9243,0.0,0.016,沪深300,7.4,17.51,1.19,-17.35,19.59
605499,东鹏饮料,deep_value,90.2,距52周高点跌51%；价格处近1年最低8%区间；ROE 51.6%；[注意]负债率45.5%偏高；CFO/EPS 1.40；利润同比+20.7%,2026-10-09,,114.11,231.65,0.5074,1.1616,0.0,0.08,沪深300,51.61,45.47,1.4,20.72,15.89
300476,胜宏科技,deep_value,89.9,距52周高点跌50%；价格处近1年最低2%区间；ROE 35.6%；[注意]负债率39.9%偏高；CFO/EPS 1.06；利润同比+33.3%,2026-10-09,,202.69,402.6,0.4965,0.9801,0.0,0.024,沪深300,35.56,39.85,1.06,33.3,28.77
002920,德赛西威,deep_value,89.4,距52周高点跌48%；价格处近1年最低2%区间；ROE 21.7%；[注意]负债率46.8%偏高；CFO/EPS 1.11；利润同比+1.8%,2026-10-09,,79.45,152.34,0.4785,0.9357,0.0,0.024,沪深300,21.67,46.75,1.11,1.81,1.75
002241,歌尔股份,deep_value,88.9,距52周高点跌46%；价格处近1年最低3%区间；ROE 11.3%；[注意]负债率60.2%偏高；CFO/EPS 1.69；利润同比+3.5%,2026-10-09,,21.51,40.2,0.4649,1.0241,0.0,0.028,沪深300,11.29,60.23,1.69,3.46,6.65
300014,亿纬锂能,deep_value,88.6,距52周高点跌45%；价格处近1年最低9%区间；ROE 10.5%；[注意]负债率63.6%偏高；CFO/EPS 1.79；利润同比+105.7%,2026-10-09,,51.32,93.67,0.4521,1.671,0.0,0.088,沪深300,10.5,63.6,1.79,105.66,62.2
002709,天赐材料,deep_value,88.5,距52周高点跌45%；价格处近1年最低18%区间；ROE 9.8%；[注意]负债率36.2%偏高；CFO/EPS 0.82；利润同比+967.9%,2026-10-09,,35.68,64.79,0.4493,4.551,0.0,0.176,沪深300,9.79,36.22,0.82,967.91,109.28
600415,小商品城,deep_value,87.9,距52周高点跌43%；价格处近1年最低14%区间；ROE 17.5%；[注意]负债率48.6%偏高；CFO/EPS 2.49；利润同比+17.1%,2026-10-09,,11.05,19.42,0.431,0.7224,0.0,0.144,沪深300,17.53,48.61,2.49,17.05,33.3
600160,巨化股份,deep_value,87.8,距52周高点跌43%；价格处近1年最低6%区间；ROE 19.6%；[注意]负债率38.7%偏高；CFO/EPS 1.66；利润同比+29.2%,2026-10-09,,33.03,57.64,0.427,1.7131,0.0,0.064,沪深300,19.57,38.67,1.66,29.23,0.07
002475,立讯精密,deep_value,87.5,距52周高点跌42%；价格处近1年最低3%区间；ROE 21.1%；[注意]负债率67.4%偏高；CFO/EPS 1.04；利润同比+18.0%,2026-10-09,,47.59,81.58,0.4166,1.0913,0.0,0.032,沪深300,21.1,67.44,1.04,18.04,40.16
600426,华鲁恒升,deep_value,85.0,距52周高点跌40%；ROE 10.3%；负债率27.5%；CFO/EPS 1.27；利润同比+50.0%,2026-10-09,,20.12,33.57,0.4007,0.911,0.0,0.244,沪深300,10.32,27.47,1.27,49.98,8.87
002049,紫光国微,deep_value,83.0,距52周高点跌40%；价格处近1年最低1%区间；ROE 11.1%；负债率25.6%；利润同比+15.3%,2026-10-09,,56.59,94.49,0.4011,1.1346,0.0,0.008,沪深300,11.1,25.64,0.53,15.29,13.0
300803,指南针,deep_value,81.8,距52周高点跌56%；价格处近1年最低3%区间；ROE 9.2%；[注意]负债率84.2%偏高；CFO/EPS 13.18,2026-10-09,,53.28,121.29,0.5607,1.7656,0.0,0.028,沪深300,9.24,84.22,13.18,-12.17,33.82
600549,厦门钨业,deep_value,81.5,距52周高点跌55%；ROE 14.0%；[注意]负债率59.2%偏高；CFO/EPS 1.29；利润同比+127.0%,2026-10-09,,43.05,95.98,0.5515,0.9836,0.0,0.28,沪深300,13.99,59.17,1.29,127.04,81.7
603986,兆易创新,deep_value,81.4,距52周高点跌61%；ROE 9.3%；负债率11.5%；CFO/EPS 1.29；利润同比+1091.5%,2026-10-09,,326.46,846.66,0.6144,1.1293,0.0,0.58,沪深300,9.3,11.47,1.29,1091.5,178.67
603799,华友钴业,deep_value,79.9,距52周高点跌56%；价格处近1年最低4%区间；ROE 13.7%；[注意]负债率64.3%偏高；利润同比+29.4%,2026-10-09,,35.6,81.47,0.563,1.2163,0.0,0.036,沪深300,13.7,64.28,0.63,29.38,49.39
300450,先导智能,deep_value,79.1,距52周高点跌47%；ROE 12.7%；[注意]负债率64.0%偏高；CFO/EPS 3.14；利润同比+29.1%,2026-10-09,,36.73,69.22,0.4694,3.1465,0.0,0.236,沪深300,12.65,63.99,3.14,29.15,23.88
600089,特变电工,deep_value,78.7,距52周高点跌46%；价格处近1年最低5%区间；ROE 8.8%；[注意]负债率56.9%偏高；CFO/EPS 1.59,2026-10-09,,17.74,32.74,0.4582,0.9671,0.0,0.048,沪深300,8.75,56.94,1.59,-19.84,16.91
688036,传音控股,deep_value,78.6,距52周高点跌52%；价格处近1年最低1%区间；ROE 12.7%；[注意]负债率57.4%偏高；利润同比+46.2%,2026-10-09,,48.95,101.96,0.5199,1.967,0.0,0.008,沪深300,12.71,57.42,0.54,46.22,21.85
002050,三花智控,deep_value,78.3,距52周高点跌44%；价格处近1年最低0%区间；ROE 15.8%；[注意]负债率36.2%偏高；CFO/EPS 1.17,2026-10-09,,33.58,60.16,0.4418,1.5313,0.0,0.004,沪深300,15.8,36.22,1.17,-3.12,3.92
300124,汇川技术,deep_value,78.2,距52周高点跌44%；价格处近1年最低1%区间；ROE 16.3%；[注意]负债率48.0%偏高；CFO/EPS 1.32,2026-10-09,,50.59,90.4,0.4404,1.0824,0.0,0.008,沪深300,16.34,48.04,1.32,-5.35,20.31
000425,徐工机械,deep_value,78.0,距52周高点跌43%；价格处近1年最低1%区间；ROE 11.0%；[注意]负债率63.1%偏高；CFO/EPS 2.11,2026-10-09,,7.15,12.59,0.4321,0.6564,0.0,0.012,沪深300,11.0,63.1,2.11,-9.09,11.75
002028,思源电气,deep_value,77.9,距52周高点跌50%；价格处近1年最低8%区间；ROE 22.6%；[注意]负债率49.2%偏高；利润同比+13.2%,2026-10-09,,120.09,238.11,0.4957,1.3708,0.0,0.076,沪深300,22.63,49.24,0.71,13.23,27.05
002600,领益智造,deep_value,77.2,距52周高点跌41%；价格处近1年最低0%区间；ROE 10.8%；[注意]负债率51.0%偏高；CFO/EPS 1.85,2026-10-09,,11.15,18.78,0.4063,1.0116,0.0,0.004,沪深300,10.77,51.05,1.85,-17.88,6.45
600111,北方稀土,deep_value,76.4,距52周高点跌45%；价格处近1年最低1%区间；ROE 9.6%；[注意]负债率37.0%偏高；利润同比+120.5%,2026-10-09,,35.01,63.39,0.4477,1.2933,0.0,0.008,沪深300,9.56,36.98,0.5,120.46,36.75
