code,name,strategy,score,reason,checked_at,cycle_warning,m_price,m_high_52w,m_drawdown_52w,m_vol_ratio,m_shrink_days,m_price_percentile_1y,m_index
601136,首创证券,deep_value,65.4,距52周高点跌41%；连续5日缩量(量比0.33)；价格处近1年最低6%区间,2026-09-30,,13.89,23.64,0.4124,0.3297,5.0,0.064,沪深300
688472,阿特斯,deep_value,52.5,距52周高点跌65%；价格处近1年最低4%区间,2026-09-30,,8.42,24.03,0.6496,0.9118,0.0,0.036,沪深300
300251,光线传媒,deep_value,51.9,距52周高点跌63%；价格处近1年最低6%区间,2026-09-30,,10.97,29.53,0.6285,0.6972,0.0,0.06,沪深300
688223,晶科能源,deep_value,51.1,距52周高点跌60%；价格处近1年最低3%区间,2026-09-30,,3.83,9.66,0.6035,1.2501,0.0,0.028,沪深300
300274,阳光电源,deep_value,51.1,距52周高点跌60%；价格处近1年最低1%区间,2026-09-30,,82.49,207.37,0.6022,0.6611,0.0,0.008,沪深300
002625,光启技术,deep_value,50.8,距52周高点跌59%；价格处近1年最低1%区间,2026-09-30,,23.57,57.91,0.593,1.307,0.0,0.012,沪深300
600438,通威股份,deep_value,50.5,距52周高点跌58%；价格处近1年最低12%区间,2026-09-30,,11.52,27.75,0.5849,1.8298,0.0,0.116,沪深300
600547,山东黄金,deep_value,50.4,距52周高点跌58%；价格处近1年最低14%区间,2026-09-30,,27.3,64.89,0.5793,1.0691,0.0,0.14,沪深300
603799,华友钴业,deep_value,50.1,距52周高点跌57%；价格处近1年最低1%区间,2026-09-30,,35.0,81.47,0.5704,1.0711,0.0,0.012,沪深300
300803,指南针,deep_value,49.9,距52周高点跌56%；价格处近1年最低2%区间,2026-09-30,,53.03,121.29,0.5628,0.8668,0.0,0.016,沪深300
002558,巨人网络,deep_value,49.8,距52周高点跌56%；价格处近1年最低1%区间,2026-09-30,,22.5,51.26,0.5611,1.0175,0.0,0.012,沪深300
603392,万泰生物,deep_value,49.2,距52周高点跌54%；价格处近1年最低7%区间,2026-09-30,,27.34,59.37,0.5395,1.4539,0.0,0.068,沪深300
600515,海南机场,deep_value,49.0,距52周高点跌53%；价格处近1年最低10%区间,2026-09-30,,2.75,5.89,0.5331,1.2146,0.0,0.096,沪深300
603260,合盛硅业,deep_value,49.0,距52周高点跌53%；价格处近1年最低1%区间,2026-09-30,,31.55,67.46,0.5323,0.8625,0.0,0.012,沪深300
688303,大全能源,deep_value,48.8,距52周高点跌53%；价格处近1年最低4%区间,2026-09-30,,15.99,33.79,0.5268,1.598,0.0,0.036,沪深300
002460,赣锋锂业,deep_value,48.7,距52周高点跌52%；价格处近1年最低1%区间,2026-09-30,,43.43,91.41,0.5249,0.9522,0.0,0.012,沪深300
601012,隆基绿能,deep_value,48.7,距52周高点跌52%；价格处近1年最低3%区间,2026-09-30,,11.21,23.57,0.5244,1.3856,0.0,0.028,沪深300
002709,天赐材料,deep_value,48.6,距52周高点跌52%；价格处近1年最低3%区间,2026-09-30,,31.2,64.79,0.5184,1.0471,0.0,0.028,沪深300
688047,龙芯中科,deep_value,48.5,距52周高点跌52%；价格处近1年最低1%区间,2026-09-30,,98.1,203.05,0.5169,0.7614,0.0,0.012,沪深300
605499,东鹏饮料,deep_value,48.5,距52周高点跌52%；价格处近1年最低6%区间,2026-09-30,,112.25,231.65,0.5154,0.816,0.0,0.064,沪深300
600588,用友网络,deep_value,48.4,距52周高点跌51%；价格处近1年最低4%区间,2026-09-30,,9.22,19.01,0.515,0.4727,1.0,0.044,沪深300
002466,天齐锂业,deep_value,48.4,距52周高点跌51%；价格处近1年最低1%区间,2026-09-30,,40.25,82.49,0.5121,0.6874,0.0,0.008,沪深300
600930,华电新能,deep_value,48.1,距52周高点跌50%；价格处近1年最低2%区间,2026-09-30,,3.88,7.83,0.5045,0.8216,0.0,0.016,沪深300
002028,思源电气,deep_value,47.8,距52周高点跌49%；价格处近1年最低8%区间,2026-09-30,,120.46,238.11,0.4941,0.5966,0.0,0.08,沪深300
601888,中国中免,deep_value,47.4,距52周高点跌48%；价格处近1年最低4%区间,2026-09-30,,51.44,98.93,0.48,0.7746,0.0,0.044,沪深300
002920,德赛西威,deep_value,47.4,距52周高点跌48%；价格处近1年最低2%区间,2026-09-30,,79.28,152.34,0.4796,0.6933,0.0,0.016,沪深300
300476,胜宏科技,deep_value,47.3,距52周高点跌48%；价格处近1年最低3%区间,2026-09-30,,210.3,402.6,0.4776,0.7156,0.0,0.028,沪深300
603501,豪威集团,deep_value,47.3,距52周高点跌48%；价格处近1年最低8%区间,2026-09-30,,82.21,156.8,0.4757,1.0234,0.0,0.076,沪深300
000625,长安汽车,deep_value,47.3,距52周高点跌48%；价格处近1年最低13%区间,2026-09-30,,7.11,13.56,0.4757,1.6605,0.0,0.128,沪深300
600115,中国东航,deep_value,47.3,距52周高点跌48%；价格处近1年最低3%区间,2026-09-30,,3.4,6.48,0.4753,1.0193,0.0,0.032,沪深300
